<?xml version="1.0" encoding="UTF-8" standalone="no"?>
<extension group="fabrik_element" method="upgrade" type="plugin" version="3">
	<name>plg_fabrik_element_starit</name>
	<author>Thomas Spierckel</author>
	<creationDate>February 2018</creationDate>
	<copyright>Copyright (C) 2005-2018 Media A-Team, Inc. - All rights reserved.</copyright>
	<license>GNU/GPL http://www.gnu.org/copyleft/gpl.html</license>
	<authorEmail>tom@spierckel.net</authorEmail>
	<authorUrl>www.fabrikar.com</authorUrl>
	<version>3.8.1</version>
	<help url="PLG_ELEMENT_starit_HELP_SERVER"/>
	<description>PLG_ELEMENT_starit_DESCRIPTION</description>
	<install>
		<sql>
			<file charset="utf8" driver="mysql">sql/install.mysql.uft8.sql</file>
			<file charset="utf8" driver="mysqli">sql/install.mysql.uft8.sql</file>
		</sql>
	</install>
	<uninstall>
		<sql>
			<file charset="utf8" driver="mysql">sql/uninstall.mysql.uft8.sql</file>
			<file charset="utf8" driver="mysqli">sql/uninstall.mysql.uft8.sql</file>
		</sql>
	</uninstall>

	<files>
		<filename plugin="starit">starit.php</filename>
		<filename>index.html</filename>
		<filename>starit.js</filename>
		<filename>starit-min.js</filename>
		<filename>list-starit.js</filename>
		<filename>list-starit-min.js</filename>
		<folder>forms</folder>
		<folder>images</folder>
		<folder>language</folder>
		<folder>layouts</folder>
		<folder>sql</folder>
	</files>

</extension>
